row_index,Title,Issue #,Year,Publisher,Volume,Box #,correct_box_num
10679,The Avengers,60.0,1969,Marvel,1.0,AT CGC — Roy Thomas SS,
10680,The Avengers,62.0,1969,Marvel,1.0,AT CGC — Roy Thomas SS,
10681,The Avengers,87.0,1971,Marvel,1.0,AT CGC — Roy Thomas SS,
10880,Absolute Wonder Woman,1.0,2024,DC,1.0,UNKNOWN — needs physical reassignment,
10881,Batman/Wonder Woman: Truth,1.0,2025,DC,5.0,UNKNOWN — needs physical reassignment,
10882,Future State: Aquaman,1.0,2021,DC,1.0,UNKNOWN — needs physical reassignment,
10883,Future State: Aquaman,2.0,2021,DC,1.0,UNKNOWN — needs physical reassignment,
10884,Future State: Legion of Super-Heroes,1.0,2021,DC,1.0,UNKNOWN — needs physical reassignment,
10885,Future State: Legion of Super-Heroes,2.0,2021,DC,1.0,UNKNOWN — needs physical reassignment,
10886,Batman and the Outsiders,4.0,2019,DC,4.0,UNKNOWN — needs physical reassignment,
10887,Batman and the Outsiders,5.0,2019,DC,4.0,UNKNOWN — needs physical reassignment,
10888,Batman and the Outsiders,6.0,2019,DC,4.0,UNKNOWN — needs physical reassignment,
10889,Batman and the Outsiders,7.0,2019,DC,4.0,UNKNOWN — needs physical reassignment,
10890,100-Page Giant: Aquaman,1.0,2019–2020,DC,1.0,UNKNOWN — needs physical reassignment,
10891,Supergirl: Woman of Tomorrow,2.0,2021,DC,1.0,UNKNOWN — needs physical reassignment,
10892,Supergirl: Woman of Tomorrow,3.0,2021,DC,1.0,UNKNOWN — needs physical reassignment,
10893,Supergirl: Woman of Tomorrow,4.0,2021,DC,1.0,UNKNOWN — needs physical reassignment,
10894,Supergirl: Woman of Tomorrow,5.0,2021,DC,1.0,UNKNOWN — needs physical reassignment,
10895,Supergirl: Woman of Tomorrow,6.0,2021,DC,1.0,UNKNOWN — needs physical reassignment,
10896,Defenders,10.0,2012,Marvel,4.0,UNKNOWN — needs physical reassignment,
10897,Defenders,12.0,2012,Marvel,4.0,UNKNOWN — needs physical reassignment,
10898,Absolute Wonder Woman,20.0,2025,DC,1.0,UNKNOWN — needs physical reassignment,
10899,Absolute Wonder Woman,3.0,2024,DC,1.0,UNKNOWN — needs physical reassignment,
10900,Absolute Wonder Woman,4.0,2024,DC,1.0,UNKNOWN — needs physical reassignment,
10901,Absolute Wonder Woman,5.0,2024,DC,1.0,UNKNOWN — needs physical reassignment,
10902,Absolute Wonder Woman,6.0,2024,DC,1.0,UNKNOWN — needs physical reassignment,
10903,Absolute Wonder Woman,7.0,2024,DC,1.0,UNKNOWN — needs physical reassignment,
10904,Absolute Wonder Woman,8.0,2024,DC,1.0,UNKNOWN — needs physical reassignment,
10905,Absolute Wonder Woman,10.0,2024,DC,1.0,UNKNOWN — needs physical reassignment,
10906,Absolute Wonder Woman,11.0,2024,DC,1.0,UNKNOWN — needs physical reassignment,
10907,Absolute Wonder Woman,13.0,2024,DC,1.0,UNKNOWN — needs physical reassignment,
10908,Absolute Wonder Woman,14.0,2024,DC,1.0,UNKNOWN — needs physical reassignment,
10909,Absolute Wonder Woman,15.0,2024,DC,1.0,UNKNOWN — needs physical reassignment,
10910,Absolute Wonder Woman,16.0,2024,DC,1.0,UNKNOWN — needs physical reassignment,
10911,Absolute Wonder Woman,18.0,2024,DC,1.0,UNKNOWN — needs physical reassignment,
10912,Absolute Wonder Woman,19.0,2024,DC,1.0,UNKNOWN — needs physical reassignment,
10913,Batman,163.0,2025,DC,1.0,UNKNOWN — needs physical reassignment,
10914,Batman,155.0,2025,DC,1.0,UNKNOWN — needs physical reassignment,
10915,Absolute Flash,1.0,2024,DC,1.0,UNKNOWN — needs physical reassignment,
10916,Absolute Flash,3.0,2024,DC,1.0,UNKNOWN — needs physical reassignment,
10917,Absolute Flash,4.0,2024,DC,1.0,UNKNOWN — needs physical reassignment,
10918,Absolute Flash,5.0,2024,DC,1.0,UNKNOWN — needs physical reassignment,
10919,Absolute Flash,6.0,2024,DC,1.0,UNKNOWN — needs physical reassignment,
10920,Absolute Flash,7.0,2024,DC,1.0,UNKNOWN — needs physical reassignment,
10921,Absolute Flash,8.0,2024,DC,1.0,UNKNOWN — needs physical reassignment,
10922,Absolute Flash,9.0,2024,DC,1.0,UNKNOWN — needs physical reassignment,
10923,Absolute Flash,10.0,2024,DC,1.0,UNKNOWN — needs physical reassignment,
10924,Absolute Flash,11.0,2024,DC,1.0,UNKNOWN — needs physical reassignment,
10925,Absolute Flash,12.0,2024,DC,1.0,UNKNOWN — needs physical reassignment,
10926,Absolute Flash,13.0,2024,DC,1.0,UNKNOWN — needs physical reassignment,
10927,Absolute Flash,14.0,2024,DC,1.0,UNKNOWN — needs physical reassignment,
10928,Absolute Green Lantern,3.0,2024,DC,1.0,UNKNOWN — needs physical reassignment,
10929,Absolute Green Lantern,4.0,2024,DC,1.0,UNKNOWN — needs physical reassignment,
10930,Absolute Green Lantern,5.0,2024,DC,1.0,UNKNOWN — needs physical reassignment,
10931,Absolute Green Lantern,6.0,2024,DC,1.0,UNKNOWN — needs physical reassignment,
10932,Absolute Green Lantern,7.0,2024,DC,1.0,UNKNOWN — needs physical reassignment,
10933,Absolute Green Lantern,8.0,2024,DC,1.0,UNKNOWN — needs physical reassignment,
10934,Absolute Green Lantern,9.0,2024,DC,1.0,UNKNOWN — needs physical reassignment,
10935,Absolute Green Lantern,10.0,2024,DC,1.0,UNKNOWN — needs physical reassignment,
10936,Absolute Green Lantern,11.0,2024,DC,1.0,UNKNOWN — needs physical reassignment,
10937,Absolute Green Lantern,12.0,2024,DC,1.0,UNKNOWN — needs physical reassignment,
10938,Absolute Green Lantern,13.0,2024,DC,1.0,UNKNOWN — needs physical reassignment,
10939,Absolute Green Lantern,14.0,2024,DC,1.0,UNKNOWN — needs physical reassignment,
10940,Action Comics,1097.0,2025,DC,2.0,UNKNOWN — needs physical reassignment,
10941,Titans,34.0,2025,DC,3.0,UNKNOWN — needs physical reassignment,
10942,Nightwing,120.0,2025,DC,3.0,UNKNOWN — needs physical reassignment,
10943,G.I. Joe,2.0,2023,Skybound,1.0,UNKNOWN — needs physical reassignment,
10944,G.I. Joe,3.0,2023,Skybound,1.0,UNKNOWN — needs physical reassignment,
10945,G.I. Joe,4.0,2023,Skybound,1.0,UNKNOWN — needs physical reassignment,
10946,G.I. Joe,5.0,2023,Skybound,1.0,UNKNOWN — needs physical reassignment,
10947,G.I. Joe,6.0,2023,Skybound,1.0,UNKNOWN — needs physical reassignment,
10948,G.I. Joe,9.0,2023,Skybound,1.0,UNKNOWN — needs physical reassignment,
10949,G.I. Joe,10.0,2023,Skybound,1.0,UNKNOWN — needs physical reassignment,
10950,G.I. Joe,11.0,2023,Skybound,1.0,UNKNOWN — needs physical reassignment,
10951,G.I. Joe,12.0,2023,Skybound,1.0,UNKNOWN — needs physical reassignment,
10952,G.I. Joe,13.0,2023,Skybound,1.0,UNKNOWN — needs physical reassignment,
10953,G.I. Joe,14.0,2023,Skybound,1.0,UNKNOWN — needs physical reassignment,
10954,G.I. Joe,15.0,2023,Skybound,1.0,UNKNOWN — needs physical reassignment,
10955,G.I. Joe,16.0,2023,Skybound,1.0,UNKNOWN — needs physical reassignment,
10956,G.I. Joe,17.0,2023,Skybound,1.0,UNKNOWN — needs physical reassignment,
10957,G.I. Joe,19.0,2023,Skybound,1.0,UNKNOWN — needs physical reassignment,
10958,G.I. Joe,1.0,2023,Skybound,1.0,UNKNOWN — needs physical reassignment,
10959,Transformers,18.0,2023,Image,1.0,UNKNOWN — needs physical reassignment,
10960,Transformers,19.0,2023,Image,1.0,UNKNOWN — needs physical reassignment,
10961,Transformers,21.0,2023,Image,1.0,UNKNOWN — needs physical reassignment,
10962,Transformers,22.0,2023,Image,1.0,UNKNOWN — needs physical reassignment,
10963,Transformers,23.0,2023,Image,1.0,UNKNOWN — needs physical reassignment,
10964,Transformers,24.0,2023,Image,1.0,UNKNOWN — needs physical reassignment,
10965,Transformers,25.0,2023,Image,1.0,UNKNOWN — needs physical reassignment,
10966,Transformers,27.0,2023,Image,1.0,UNKNOWN — needs physical reassignment,
10967,Transformers,28.0,2023,Image,1.0,UNKNOWN — needs physical reassignment,
10968,Transformers,29.0,2023,Image,1.0,UNKNOWN — needs physical reassignment,
10969,Transformers,31.0,2023,Image,1.0,UNKNOWN — needs physical reassignment,
10970,Void Rivals,16.0,2023,Skybound,1.0,UNKNOWN — needs physical reassignment,
10971,Void Rivals,17.0,2023,Skybound,1.0,UNKNOWN — needs physical reassignment,
10972,Void Rivals,18.0,2023,Skybound,1.0,UNKNOWN — needs physical reassignment,
10973,Void Rivals,19.0,2023,Skybound,1.0,UNKNOWN — needs physical reassignment,
10974,Void Rivals,21.0,2023,Skybound,1.0,UNKNOWN — needs physical reassignment,
10975,Void Rivals,22.0,2023,Skybound,1.0,UNKNOWN — needs physical reassignment,
10976,Void Rivals,23.0,2023,Skybound,1.0,UNKNOWN — needs physical reassignment,
10977,Void Rivals,24.0,2023,Skybound,1.0,UNKNOWN — needs physical reassignment,
10978,Void Rivals,25.0,2023,Skybound,1.0,UNKNOWN — needs physical reassignment,
10979,Void Rivals,26.0,2023,Skybound,1.0,UNKNOWN — needs physical reassignment,
10980,Void Rivals,27.0,2023,Skybound,1.0,UNKNOWN — needs physical reassignment,
10981,Transformers,25.0,2025,Image,1.0,UNKNOWN — needs physical reassignment,
10982,The Magic Order,2.0,2020,Image,2.0,UNKNOWN — needs physical reassignment,
10983,The Magic Order,2.0,2020,Image,2.0,UNKNOWN — needs physical reassignment,
10984,The Magic Order,3.0,2020,Image,2.0,UNKNOWN — needs physical reassignment,
10985,The Magic Order,4.0,2020,Image,2.0,UNKNOWN — needs physical reassignment,
10986,The Magic Order,5.0,2020,Image,2.0,UNKNOWN — needs physical reassignment,
10987,The Magic Order,6.0,2020,Image,2.0,UNKNOWN — needs physical reassignment,
10988,The Magic Order,1.0,2022,Image,3.0,UNKNOWN — needs physical reassignment,
10989,The Magic Order,2.0,2022,Image,3.0,UNKNOWN — needs physical reassignment,
10990,The Magic Order,3.0,2022,Image,3.0,UNKNOWN — needs physical reassignment,
10991,The Magic Order,4.0,2022,Image,3.0,UNKNOWN — needs physical reassignment,
10992,The Magic Order,5.0,2022,Image,3.0,UNKNOWN — needs physical reassignment,
10993,The Magic Order,6.0,2022,Image,3.0,UNKNOWN — needs physical reassignment,
10994,The Magic Order,1.0,2024,Image,4.0,UNKNOWN — needs physical reassignment,
10995,The Magic Order,2.0,2024,Image,4.0,UNKNOWN — needs physical reassignment,
10996,The Magic Order,3.0,2024,Image,4.0,UNKNOWN — needs physical reassignment,
10997,The Magic Order,4.0,2024,Image,4.0,UNKNOWN — needs physical reassignment,
10998,The Magic Order,5.0,2024,Image,4.0,UNKNOWN — needs physical reassignment,
10999,The Magic Order,6.0,2024,Image,4.0,UNKNOWN — needs physical reassignment,
11000,The Power Fantasy,6.0,2024,Image,1.0,UNKNOWN — needs physical reassignment,
11001,The Power Fantasy,8.0,2024,Image,1.0,UNKNOWN — needs physical reassignment,
11002,The Power Fantasy,9.0,2024,Image,1.0,UNKNOWN — needs physical reassignment,
11003,The Power Fantasy,10.0,2024,Image,1.0,UNKNOWN — needs physical reassignment,
11004,The Power Fantasy,11.0,2024,Image,1.0,UNKNOWN — needs physical reassignment,
11005,The Power Fantasy,13.0,2024,Image,1.0,UNKNOWN — needs physical reassignment,
11006,The Power Fantasy,14.0,2024,Image,1.0,UNKNOWN — needs physical reassignment,
11007,The Power Fantasy,15.0,2024,Image,1.0,UNKNOWN — needs physical reassignment,
11008,The Power Fantasy,16.0,2024,Image,1.0,UNKNOWN — needs physical reassignment,
11009,The Power Fantasy,7.0,2024,Image,1.0,UNKNOWN — needs physical reassignment,
11010,The Power Fantasy,12.0,2025,Image,1.0,UNKNOWN — needs physical reassignment,
11011,Secret Avengers,14.0,2014,Marvel,1.0,UNKNOWN — needs physical reassignment,
11012,Black Panther: The Man Without Fear,521.0,2011,Marvel,,UNKNOWN — needs physical reassignment,
11013,Black Panther: The Man Without Fear,522.0,2011,Marvel,,UNKNOWN — needs physical reassignment,
11014,Heroes for Hire,9.0,2011,Marvel,,UNKNOWN — needs physical reassignment,
11015,Heroes for Hire,10.0,2011,Marvel,,UNKNOWN — needs physical reassignment,
11016,Spider-Woman,10.0,2010,Marvel,,UNKNOWN — needs physical reassignment,
11017,Thunderbolts,158.0,2011,Marvel,,UNKNOWN — needs physical reassignment,
11018,Thunderbolts,160.0,2011,Marvel,,UNKNOWN — needs physical reassignment,
11019,Thunderbolts,161.0,2011,Marvel,,UNKNOWN — needs physical reassignment,
11020,Avengers,480.0,2001,Marvel,,UNKNOWN — needs physical reassignment,
11021,Avengers,481.0,2001,Marvel,,UNKNOWN — needs physical reassignment,
11022,Avengers,484.0,2001,Marvel,,UNKNOWN — needs physical reassignment,
11023,Avengers,485.0,2001,Marvel,,UNKNOWN — needs physical reassignment,
11024,Avengers,486.0,2001,Marvel,,UNKNOWN — needs physical reassignment,
11025,Avengers,487.0,2001,Marvel,,UNKNOWN — needs physical reassignment,
11026,Avengers,491.0,2001,Marvel,,UNKNOWN — needs physical reassignment,
11027,Avengers,497.0,2002,Marvel,,UNKNOWN — needs physical reassignment,
11028,Avengers,498.0,2002,Marvel,,UNKNOWN — needs physical reassignment,
11029,Avengers,499.0,2002,Marvel,,UNKNOWN — needs physical reassignment,
11030,Avengers,501.0,2004,Marvel,,UNKNOWN — needs physical reassignment,
11031,Avengers,502.0,2004,Marvel,,UNKNOWN — needs physical reassignment,
11032,Avengers,503.0,2004,Marvel,,UNKNOWN — needs physical reassignment,
11033,Avengers,0.0,2017,Marvel,,UNKNOWN — needs physical reassignment,
11034,Avengers,100.0,2014,Marvel,,UNKNOWN — needs physical reassignment,
11035,Secret Six,18.0,2010,DC,,UNKNOWN — needs physical reassignment,
11036,Green Lantern,55.0,2010,DC,,UNKNOWN — needs physical reassignment,
11037,Superman/Batman,81.0,2011,DC,,UNKNOWN — needs physical reassignment,
11038,Superman/Batman,82.0,2011,DC,,UNKNOWN — needs physical reassignment,
11039,Superman/Batman,83.0,2011,DC,,UNKNOWN — needs physical reassignment,
11040,Superman/Batman,84.0,2011,DC,,UNKNOWN — needs physical reassignment,
11041,Aquaman,58.0,2000,DC,,UNKNOWN — needs physical reassignment,
11042,Aquaman,59.0,2000,DC,,UNKNOWN — needs physical reassignment,
11043,Aquaman,60.0,2000,DC,,UNKNOWN — needs physical reassignment,
11044,Aquaman,61.0,2000,DC,,UNKNOWN — needs physical reassignment,
11045,Aquaman,62.0,2000,DC,,UNKNOWN — needs physical reassignment,
11046,Aquaman,63.0,2000,DC,,UNKNOWN — needs physical reassignment,
11047,Aquaman,64.0,2000,DC,,UNKNOWN — needs physical reassignment,
11048,Aquaman,65.0,2001,DC,,UNKNOWN — needs physical reassignment,
11049,Aquaman,67.0,2001,DC,,UNKNOWN — needs physical reassignment,
11050,Aquaman,68.0,2001,DC,,UNKNOWN — needs physical reassignment,
11051,Aquaman,70.0,2001,DC,,UNKNOWN — needs physical reassignment,
11052,Aquaman,71.0,2001,DC,,UNKNOWN — needs physical reassignment,
11053,Aquaman,72.0,2000,DC,,UNKNOWN — needs physical reassignment,
11054,Aquaman,73.0,2001,DC,,UNKNOWN — needs physical reassignment,
11055,Aquaman,74.0,2001,DC,,UNKNOWN — needs physical reassignment,
11056,Birds of Prey,38.0,2002,DC,,UNKNOWN — needs physical reassignment,
11057,Birds of Prey,39.0,2002,DC,,UNKNOWN — needs physical reassignment,
11058,Catwoman,50.0,2006,DC,,UNKNOWN — needs physical reassignment,
11059,Catwoman,54.0,2006,DC,,UNKNOWN — needs physical reassignment,
11060,Catwoman,55.0,2006,DC,,UNKNOWN — needs physical reassignment,
11061,Catwoman,56.0,2006,DC,,UNKNOWN — needs physical reassignment,
11062,Catwoman,57.0,2006,DC,,UNKNOWN — needs physical reassignment,
11063,Captain Atom: Armageddon,1.0,2005,DC,,UNKNOWN — needs physical reassignment,
11064,Captain Atom: Armageddon,2.0,2005,DC,,UNKNOWN — needs physical reassignment,
11065,Captain Atom: Armageddon,3.0,2005,DC,,UNKNOWN — needs physical reassignment,
11066,Captain Atom: Armageddon,4.0,2005,DC,,UNKNOWN — needs physical reassignment,
11067,Captain Atom: Armageddon,5.0,2005,DC,,UNKNOWN — needs physical reassignment,
11068,Captain Atom: Armageddon,6.0,2005,DC,,UNKNOWN — needs physical reassignment,
11069,Captain Atom: Armageddon,7.0,2005,DC,,UNKNOWN — needs physical reassignment,
11070,Captain Atom: Armageddon,8.0,2005,DC,,UNKNOWN — needs physical reassignment,
11071,Captain Atom: Armageddon,9.0,2005,DC,,UNKNOWN — needs physical reassignment,
11072,Batgirl,71.0,2006,DC,,UNKNOWN — needs physical reassignment,
11073,Batgirl,73.0,2006,DC,,UNKNOWN — needs physical reassignment,
11074,Legion of Super-Heroes,4.0,2005,DC,,UNKNOWN — needs physical reassignment,
11075,Legion of Super-Heroes,11.0,2005,DC,,UNKNOWN — needs physical reassignment,
11076,Legion of Super-Heroes,13.0,2006,DC,,UNKNOWN — needs physical reassignment,
11077,Legion of Super-Heroes,14.0,2006,DC,,UNKNOWN — needs physical reassignment,
11078,Legion of Super-Heroes,15.0,2006,DC,,UNKNOWN — needs physical reassignment,
11079,Legion of Super-Heroes,16.0,2006,DC,,UNKNOWN — needs physical reassignment,
11080,Legion of Super-Heroes,17.0,2006,DC,,UNKNOWN — needs physical reassignment,
11081,Teen Titans,92.0,2011,DC,,UNKNOWN — needs physical reassignment,
11082,First Wave,1.0,2010,DC,,UNKNOWN — needs physical reassignment,
11083,First Wave,2.0,2010,DC,,UNKNOWN — needs physical reassignment,
11084,First Wave,3.0,2010,DC,,UNKNOWN — needs physical reassignment,
11085,First Wave,4.0,2010,DC,,UNKNOWN — needs physical reassignment,
11086,First Wave,5.0,2010,DC,,UNKNOWN — needs physical reassignment,
11087,First Wave,6.0,2010,DC,,UNKNOWN — needs physical reassignment,
11088,Green Arrow,46.0,2005,DC,,UNKNOWN — needs physical reassignment,
11089,The All-New Atom,1.0,2006,DC,,UNKNOWN — needs physical reassignment,
11090,Action Comics,896.0,2011,DC,,UNKNOWN — needs physical reassignment,
11091,Secret Six,19.0,2009,DC,,UNKNOWN — needs physical reassignment,
11092,Secret Six,20.0,2009,DC,,UNKNOWN — needs physical reassignment,
11093,Secret Six,21.0,2010,DC,,UNKNOWN — needs physical reassignment,
11094,Secret Six,22.0,2010,DC,,UNKNOWN — needs physical reassignment,
11095,Secret Six,23.0,2010,DC,,UNKNOWN — needs physical reassignment,
11096,Secret Six,24.0,2010,DC,,UNKNOWN — needs physical reassignment,
11097,Secret Six,27.0,2010,DC,,UNKNOWN — needs physical reassignment,
11098,Secret Six,28.0,2010,DC,,UNKNOWN — needs physical reassignment,
11099,Secret Six,31.0,2011,DC,,UNKNOWN — needs physical reassignment,
11100,Secret Six,32.0,2011,DC,,UNKNOWN — needs physical reassignment,
11101,Secret Six,33.0,2011,DC,,UNKNOWN — needs physical reassignment,
11102,Secret Six,34.0,2011,DC,,UNKNOWN — needs physical reassignment,
11103,Secret Six,35.0,2011,DC,,UNKNOWN — needs physical reassignment,
11104,Secret Six,36.0,2011,DC,,UNKNOWN — needs physical reassignment,
11105,Superman,204.0,2004,DC,,UNKNOWN — needs physical reassignment,
11106,Superman,208.0,2004,DC,,UNKNOWN — needs physical reassignment,
11107,Blue Beetle,15.0,2007,DC,,UNKNOWN — needs physical reassignment,
11108,WildC.A.T.s,9.0,2000,DC,,UNKNOWN — needs physical reassignment,
11109,WildC.A.T.s,13.0,2000,DC,,UNKNOWN — needs physical reassignment,
11110,WildC.A.T.s,22.0,2000,DC,,UNKNOWN — needs physical reassignment,
11111,Ex Machina,13.0,2005,DC,,UNKNOWN — needs physical reassignment,
11112,Ex Machina,14.0,2005,DC,,UNKNOWN — needs physical reassignment,
11113,Ex Machina,15.0,2005,DC,,UNKNOWN — needs physical reassignment,
11114,Ex Machina,16.0,2005,DC,,UNKNOWN — needs physical reassignment,
11115,X Lives of Wolverine,1.0,2022,Marvel,,UNKNOWN — needs physical reassignment,
11116,From the Ashes: Phoenix,1.0,2024,Marvel,,UNKNOWN — needs physical reassignment,
11117,X-Force: Killshot,1.0,2024,Marvel,,UNKNOWN — needs physical reassignment,
11118,Original X-Men,1.0,2024,Marvel,,UNKNOWN — needs physical reassignment,
11119,Uncanny X-Men,703.0,2024,Marvel,,UNKNOWN — needs physical reassignment,
11120,Avengers World,7.0,2014,Marvel,,UNKNOWN — needs physical reassignment,
11121,X-Men '92,1.0,2015,Marvel,,UNKNOWN — needs physical reassignment,
11122,Star-Lord and Kitty Pryde,1.0,2015,Marvel,,UNKNOWN — needs physical reassignment,
11123,Iron Man 2.0,5.0,2011,Marvel,,UNKNOWN — needs physical reassignment,
11124,Uncanny X-Men,703.0,2024,Marvel,,UNKNOWN — needs physical reassignment,
11125,X-Men '92,1.0,2015,Marvel,,UNKNOWN — needs physical reassignment,
11126,Iron Man 2.0,5.0,2011,Marvel,,UNKNOWN — needs physical reassignment,
11127,Uncanny X-Men,543.0,2011,Marvel,,UNKNOWN — needs physical reassignment,
