character,count
Batman,933
Captain America,807
Wolverine,788
Superman,769
Wonder Woman,705
Iron Man,663
The Flash,656
Green Lantern,508
Thor,506
Black Widow,472
Hulk,392
Cyclops,375
Storm,371
Robin,370
Hawkeye,345
Spider-Man,345
Black Panther,338
Psylocke,301
Aquaman,297
Magneto,288
Beast,267
The Thing,260
Human Torch,248
Emma Frost,241
Invisible Woman,230
Iceman,220
Cyborg,213
Hawkgirl,212
Starfire,212
Jean Grey,187
Scarlet Witch,176
Angel,174
Deadpool,171
Professor X,171
Black Canary,168
Nightwing,165
Rocket Raccoon,156
Mr. Fantastic,152
Captain Marvel,149
Star-Lord,147
Harley Quinn,146
Gamora,146
Groot,145
Batgirl,143
Doctor Strange,139
Moon Knight,136
Marvel Girl,135
Huntress,130
Beast Boy,125
Cable,123
Raven,122
Green Arrow,118
Deadshot,117
Colossus,112
Iron Fist,109
Nightcrawler,109
Daredevil,108
Vision,106
Hawkman,103
Loki,100
Kid Flash,97
Catwoman,96
Thanos,93
Miles Morales,92
Doctor Doom,90
Lex Luthor,90
Drax,90
Namor,89
Luke Cage,88
Rogue,85
Speedy,84
Martian Manhunter,83
Gambit,82
Red Hood,79
Poison Ivy,78
Supergirl,75
Magik,75
Mister Fantastic,75
Aqualad,75
Winter Soldier,75
Superboy,74
Nova,67
She-Hulk,66
Wonder Girl,66
Sentinel,65
Wasp,65
Shazam,62
Darkseid,62
Kilowog,60
Medusa,58
Oracle,58
Deathstroke,57
Phoenix,54
Mystique,54
Captain Cold,53
Elektra,52
Venom,52
Shuri,51
Jubilee,50
Impulse,50
Red Skull,50
Nick Fury,50
Ms. Marvel,49
Captain Boomerang,49
Black Bolt,47
Joker,46
Black Manta,46
Killer Croc,44
Batwoman,44
Silver Surfer,43
Domino,43
Flash,41
Tony Stark,41
Falcon,40
Ant-Man,40
Kate Bishop,40
Spock,40
Sentry,39
Black Adam,38
Spoiler,38
Swamp Thing,37
Mockingbird,36
Power Girl,36
Bucky Barnes,36
Havok,36
Red Robin,35
Thing,34
Booster Gold,34
Blue Beetle,34
Polaris,34
Animal Man,34
War Machine,34
Hal Jordan,33
Fantastic Four,33
Red Arrow,33
Apocalypse,33
Drax the Destroyer,33
Arsenal,32
Zatanna,32
Mera,32
Red Hulk,32
Blade,31
Jean-Luc Picard,31
Firestorm,30
Steve Rogers,30
King Shark,30
Legion of Super-Heroes,30
James T. Kirk,30
Kitty Pryde,30
Lois Lane,29
Enchantress,29
Buffy Summers,29
Wonder Man,28
Doctor Octopus,28
Ares,27
Killmonger,27
Karnak,27
Heimdall,27
Misty Knight,26
Old Man Logan,26
Daisy Johnson,26
Jessica Jones,26
Ghost Rider,25
Sabretooth,25
Taskmaster,25
Thunderbolts,25
Galactus,25
Shang-Chi,25
Sinestro,24
Okoye,24
Green Goblin,24
Doctor Fate,24
The Doctor,24
The Eleventh Doctor,24
T'Challa,23
Batwing,23
Data,23
Two-Face,22
The Hulk,22
Bumblebee,22
Cheetah,22
Katana,22
Gorgon,22
Triton,22
Logan,22
Ultron,22
Jane Foster,22
Odin,22
X-Men,21
Quicksilver,21
Valkyrie,21
Seven of Nine,21
Black Lightning,20
Carnage,20
Kamala Khan,20
Captain Jean-Luc Picard,20
Worf,20
Sif,20
Phil Coulson,20
Melinda May,20
Angela,19
Power Man,19
The Joker,19
Captain Atom,19
Killer Frost,19
Renee Montoya,19
Patriot,19
Excalibur,19
X-23,19
Hulkling,19
X-Force,19
Ikaris,19
Optimus Prime,18
Grodd,18
Lobo,18
Grayson,18
Nico Minoru,18
Mal Reynolds,18
Kaylee Frye,18
Wiccan,18
Archangel,18
Ironheart,18
Scarecrow,17
The Punisher,17
Jon Kent,17
Punisher,17
Sunfire,17
Hela,17
Carol Danvers,17
John Stewart,16
Wong,16
Black Cat,15
Hawkwoman,15
Damian Wayne,15
El Diablo,15
Dazzler,15
Zoe Alleyne Washburne,15
Bishop,15
Songbird,15
Spider-Woman,15
Willow Rosenberg,15
Reverse-Flash,14
Suicide Squad,14
Sunspot,14
Hellfire Club members,14
Bruce Banner,13
Pepper Potts,13
Penguin,13
Voodoo,13
Nakia,13
Captain Britain,13
Hope Summers,13
Ultimate Spider-Man,13
Scandal Savage,13
Kraven the Hunter,13
Norman Osborn,13
Mary Jane Watson,13
Bloodline,13
Cosmic Boy,13
Nebula,13
The Lone Ranger,13
Iris West,12
Cheshire,12
Black Mask,12
Grifter,12
Zealot,12
Sam Wilson,12
Metamorpho,12
Nomad,12
Starman,12
Sue Storm,12
Hellfire,12
Sersi,12
Dormammu,12
Wolfsbane,12
Peter Parker,12
Crystal,12
Brainiac 5,12
The Tenth Doctor,12
Spawn,11
Kang the Conqueror,11
Grundy,11
Fire,11
M'Baku,11
Captain Malcolm Reynolds,11
Thorgrim,11
Bullseye,11
Godzilla,11
Hercules,11
Stained Glass Scarlet,11
Saturn Girl,11
Colleen Wing,11
Ajak,11
Clint Barton,11
Megatron,10
Atlas,10
Gorilla Grodd,10
Naomi,10
Knockout,10
Constantine,10
River Tam,10
Secret Six,10
Cassandra Cain,10
Conan the Barbarian,10
Sentinels,10
Kingpin,10
William Riker,10
Q,10
Uhura,10
Monica Rambeau,10
Jemma Simmons,10
Magma,10
Scarlet Spider,10
Annihilus,10
Lightning Lad,10
Ragdoll,10
Firestar,9
The Falcon,9
Spider-Gwen,9
Doomsday,9
Heat Wave,9
Captain Planet,9
Bane,9
Question,9
Khonshu,9
Inhumans,9
Adam Strange,9
Generation X,9
Black Hand,9
Barbara Gordon,9
Stargirl,9
Red She-Hulk,9
Danny Rand,9
Scarlett,9
Multiple Man,9
Cannonball,9
Warlock,9
Adam Warlock,9
Surtur,9
Thena,9
Leo Fitz,9
Krakoa,9
Black Knight,9
Giles,9
Ocean Master,8
Creote,8
Vixen,8
The Hand,8
Phantom Girl,8
Mr. Terrific,8
Blob,8
Hourman,8
Ronin,8
Electro,8
Splitter,8
Grunge,8
Savage Avengers,8
Danielle Moonstar,8
Deanna Troi,8
Shadow Moon,8
Hellfire Club,8
Dani Moonstar,8
America Chavez,8
Abe Jenkins,8
Darkhawk,8
Ultimate Black Panther,8
Clayface,8
Khan Noonien Singh,8
Mantis,8
Yelena Belova,8
Cosmo,8
Bronze Tiger,7
Night Thrasher,7
Weather Wizard,7
Professor Zoom,7
Brainiac,7
Red Tornado,7
Fairchild,7
Giganta,7
Etrigan the Demon,7
Donna Troy,7
Man-Ape,7
Sharon Carter,7
Atrocitus,7
The Atom,7
Slade Wilson,7
Hellfire Club member,7
Johnny Storm,7
Burnout,7
Rocket,7
Iron Lad,7
Warpath,7
Avengers,7
Mirage,7
Doom,7
Mister Sinister,7
The Eternals,7
Flash Thompson,7
Deadman,7
The Ultimates,7
Jennifer Walters,7
Grant Ward,7
Outsiders,7
Timber Wolf,7
Star Sapphire,6
Doom Patrol,6
Plastique,6
Exodus,6
Captain Carter,6
Speedball,6
Dagger,6
Mirror Master,6
Plastic Man,6
Justice League of America,6
Atom,6
The Riddler,6
Riddler,6
Nubia,6
Baron Zemo,6
Tim Drake,6
Monkey Prince,6
Steel,6
Proxima Midnight,6
Stryfe,6
Maria Rambeau,6
Checkmate,6
Rick Flag,6
Chamber,6
Professor Charles Xavier,6
Ice,6
Maxine Baker,6
Death,6
Namor the Sub-Mariner,6
Threshold,6
Gen13,6
Yellowjacket,6
Giant-Man,6
Commander William Riker,6
Scotty,6
Chase Stein,6
White Queen,6
Eternals,6
Ultimate Iron Man,6
Volstagg,6
Gwen Stacy,6
Space Knight,6
Centurion,6
Betty Ross,6
Deathlock,6
Ronan the Accuser,6
Captain Janeway,6
Leonard McCoy,6
Chakotay,6
B'Elanna Torres,6
Tonto,6
Korvac,6
Wildfire,5
Krypto,5
Agent Carter,5
Guy Gardner,5
Yon-Rogg,5
Wally West,5
Golden Glider,5
Red Lantern,5
Steve Trevor,5
Diana Prince,5
Billy Batson,5
Bruce Wayne,5
Count Vertigo,5
The Question,5
Jenny Sparks,5
Ulysses Klaue,5
Mephisto,5
Erik Killmonger,5
Corvus Glaive,5
Captain America (Steve Rogers),5
Mandarin,5
Orphan,5
Salakk,5
Justice League Dark,5
Trigon,5
Clea,5
Betsy Braddock,5
Inara Serra,5
Wanda Maximoff,5
Toad,5
Vulture,5
Wildcat,5
Ben Grimm,5
Mary Marvel,5
Ex Machina,5
Wildcats,5
Big Barda,5
Skrull,5
Radiant Black,5
Odo,5
Counselor Deanna Troi,5
Wednesday,5
Ed Mercer,5
John LaMarr,5
Isaac,5
Claire Finn,5
Captain Mercer,5
Mercury,5
Chrononauts,5
Dum Dum Dugan,5
Agent Coulson,5
Fantomex,5
Howard Stark,5
Dracula,5
Howling Commandos,5
Kate Pryde,5
Hogun,5
Fandral,5
Sebastian Shaw,5
Ms. Marvel (Kamala Khan),5
Ultimatum,5
Joy,5
Man-Thing,5
Empyre,5
Joe Fixit,5
Marc Spector,5
Maestro,5
Shanna the She-Devil,5
Snake Eyes,5
Lady Shiva,5
Xander Harris,5
Legion Lost,5
Secret,5
Beverly Crusher,5
Starscream,5
Metal Men,5
Guardians of the Galaxy,5
Gert Yorkes,5
Old Lace,5
Beetle,5
Iron Patriot,5
Doc Savage,5
The Spirit,5
Juggernaut,4
Kyle Rayner,4
Cloak,4
Mr. Freeze,4
Spectre,4
Bizarro,4
Red X,4
Black Condor,4
Peacemaker,4
Powergirl,4
Birds of Prey,4
Midnighter,4
The Engineer,4
The Human Torch,4
Jonathan Kent,4
Larfleeze,4
Slipknot,4
Bunker,4
Detective Chimp,4
Artemis,4
Toro,4
Kimiyo Hoshi,4
Skin,4
Banshee,4
The Shadow,4
Kobra,4
Reed Richards,4
Freddy Freeman,4
Eugene Choi,4
Darla Dudley,4
Rainmaker,4
Gen 13,4
Freefall,4
Conan,4
Hank Pym,4
Triathlon,4
Lieutenant Worf,4
Kelly Grayson,4
Beak,4
Anole,4
Ava Ayala,4
Woodrow McCord,4
Bobbi Morse,4
Morbius,4
Natasha Romanoff,4
Fury,4
Raoul Bushman,4
Justice League,4
Marauders,4
New Mutants,4
Capwolf,4
Inhuman,4
Ganke Lee,4
Sherlock Holmes,4
Duke,4
Arrowette,4
Shrinking Violet,4
Dream Girl,4
Ra's al Ghul,4
The Outsiders,4
Slade,4
Klingon Warrior,4
Montgomery Scott,4
Captain Kirk,4
Gordon Mallory,4
Catman,4
Sugar and Spike,4
Buddy Baker,4
Gilgamesh,4
Norrin Radd,4
Ghost Light,4
Blue Marvel,4
The Mandarin,4
Roadblock,4
Molly Hayes,4
The Twelfth Doctor,4
River Song,4
Clara Oswald,4
Marvel Boy,3
Rick Jones,3
Spider-Man Noir,3
Lando Calrissian,3
Nekron,3
Magenta,3
Zoom,3
Etrigan,3
Zod,3
Crossbones,3
Sam Wilson/Captain America,3
Backlash,3
Colonel Jack O'Neill,3
Vampirella,3
Solomon Grundy,3
Jimmy Olsen,3
Apollo,3
Gorilla Man,3
Reptil,3
Tigra,3
Ebony Maw,3
Cull Obsidian,3
W'Kabi,3
Captain America (Sam Wilson),3
Peggy Carter,3
Skrull Kill Krew,3
Leviathan,3
Commissioner Gordon,3
Karma,3
Lockheed,3
The Terrifics,3
Steppenwolf,3
"Hoban ""Wash"" Washburne",3
Firefly,3
Rictor,3
Attuma,3
Orm,3
The Infected,3
Professor Xavier,3
Dove,3
Andrew Bennett,3
Desaad,3
Granny Goodness,3
Mysterio,3
Victor Stone,3
Eclipso,3
Hellboy,3
Wildstorm,3
Ultraman,3
Black Order,3
M.O.D.O.K,3
Tabitha Smith,3
The Ones,3
Benjamin Sisko,3
Anansi,3
Chekov,3
Alara Kitan,3
Longshot,3
Mastermind,3
Weapon X,3
Uncanny Avengers,3
Laura Kinney,3
Krona,3
Daken,3
Red Wolf,3
Sprite,3
Nextwave,3
Elsa Bloodstone,3
Aaron Stack,3
Photon,3
Skrulls,3
Rachael,3
Ravager,3
Lockjaw,3
Dane Whitman,3
Cletus Kasady,3
Prowler,3
Forge,3
Illyana Rasputin,3
Starro,3
Fist of Khonshu,3
Blood Hunt,3
The Immortal Hulk,3
Gorr the God Butcher,3
Maxwell Lord,3
Surge,3
Armor,3
Pixie,3
Rockslide,3
Predator,3
Azazel,3
Quake,3
Sam Wilson Captain America,3
Jonah Hex,3
Max Mercury,3
Red Arsenal,3
Simon Tam,3
Hack,3
Omega Red,3
Nightmare,3
Beast (Hank McCoy),3
Prestige,3
Rescue,3
Jen Walters,3
Ultimates,3
Ghost,3
Deathlok,3
Starbreaker,3
Chameleon Boy,3
Dawnstar,3
The Titans,3
Captain Picard,3
Klingons,3
Starling,3
Vibe,3
Apokolips,3
Franklin Richards,3
Ronan,3
Yondu,3
Xialing,3
Lady Jaye,3
White Widow,3
Bill Potts,3
Darth Vader,3
Namorita,2
Tower,2
Chewbacca,2
Han Solo,2
Spider-Ham,2
Minotaur,2
Flash Gordon,2
Trickster,2
Rogues Gallery,2
Manhunter,2
Hellbat,2
Faora,2
Silver Banshee,2
Streaky,2
Clark Kent,2
Lasso of Truth,2
Nemesis,2
Mordru,2
Hydra agents,2
Jackson Hyde,2
Amethyst,2
Jinx,2
Doctor Sivana,2
Spartan,2
Samantha Carter,2
Man-Bat,2
Vampires,2
The Monkey King,2
Rustam,2
Regulus,2
Johnny Sorrow,2
Despero,2
Icicle,2
Ras al Ghul,2
Kandor,2
Perry White,2
Swift,2
Jack Hawksmoor,2
Priest,2
Black Goliath,2
Dora Milaje,2
Ulysses,2
Sam Wilson: Captain America,2
Steve Rogers: Captain America,2
Signal,2
Saint Walker,2
Blish,2
Black Orchid,2
Hydra Agent,2
Far Sector,2
Zauriel,2
Batroc the Leaper,2
Ego,2
The Wildstorm,2
Doc Ock,2
Maria Hill,2
Anarky,2
Meggan,2
Morgan le Fay,2
Green Lantern (John Stewart),2
Nightmaster,2
Blue Devil,2
The Terrific,2
Fatality,2
Mondo,2
Ka-Zar,2
Penance,2
Lorna Dane,2
Doctor Mid-Nite,2
Hawk,2
Condor,2
Green Lantern Corps,2
Mary,2
Superboy-Prime,2
Legion Flight Ring,2
Saturn Queen,2
Jason Blood,2
Mister Terrific,2
Xombi,2
Starro the Conqueror,2
Duke Nukem,2
Vandal Savage,2
Amazons,2
Dreamer,2
Dinah Lance,2
Black Beetle,2
Sandman,2
Eobard Thawne,2
Ultra-Humanite,2
Robotman,2
Elasti-Woman,2
Negative Man,2
Lazarus,2
Zeus,2
Synmar,2
Pedro Peña,2
Sivana,2
Machina,2
Wildvine,2
The Fury,2
Topaz,2
Warblade,2
Condition Red,2
Sparrow,2
Majestic,2
He-Man,2
Teela,2
Static,2
Icon,2
Dolphin,2
Pegasus,2
Savage Hulk,2
Malekith,2
The Avengers,2
Kang,2
The Mighty Avengers,2
Stature,2
Speed,2
Firebird,2
Badrock,2
Technical Boy,2
Czernobog,2
Media,2
William T. Riker,2
Captain James T. Kirk,2
Abe Sapien,2
Die,2
Walker,2
Ray,2
Astonishing X-Men,2
Pyro,2
Titania,2
Moonstone,2
Hopeless,2
Gordan,2
Absorbing Man,2
Squirrel Girl,2
Royals,2
Infinity Watch,2
Druig,2
Machine Man,2
Blonde Phantom,2
Strike Force,2
Blitzkrieg,2
MODOK,2
Deckard,2
Union Jack,2
U.S. Agent,2
Blackfire,2
Warlord,2
Amatista,2
Legion of Doom,2
Rex Mason,2
Bumble Bee,2
Outlaw,2
Strix,2
Tiger,2
Tomar-Re,2
Wotan,2
Skeets,2
Jason Todd,2
Stained Glass Scarlet Scarab,2
Immortus,2
The Immortal Thor,2
The Defenders,2
Wilson Fisk,2
White Tiger,2
Mon-El,2
Bobby Drake,2
Bob Agent of Hydra,2
Talon,2
Mr. Mind,2
Rogues,2
Gerry Duggan,2
Phil Noto,2
Howard the Duck,2
Gwenverse,2
Goblin Queen,2
Foggy Nelson,2
Moon Girl,2
Scarlet,2
Rose Tyler,2
Vulcan,2
Hoban Washburne,2
Justice,2
Dream,2
Moriarty,2
Alexandria Ocasio-Cortez,2
Thunderbird,2
Dark Phoenix,2
King Hyperion,2
Shatterstar,2
Onslaught,2
Isis,2
Specter,2
Diamondback,2
Jewel,2
Omega Sentinel,2
Ultimate Captain America,2
Nighthawk,2
Scott Lang,2
Janet van Dyne,2
Mar-Vell,2
Skaar,2
Doc Green,2
Bloodhound,2
Starbolt,2
Tarantula,2
Lance Hunter,2
Skye,2
Cobra Commander,2
Destro,2
Shiva,2
Mister Miracle,2
Calculator,2
Batman Beyond,2
Demon,2
Drusilla,2
Spike,2
Tara Maclay,2
Amanda Waller,2
Nightshade,2
Phantom Stranger,2
Triplicate Girl,2
The Legion of Super-Heroes,2
Computo,2
Legion of Super-Heroes members,2
Tellus,2
Empress,2
Sub-Mariner,2
Doctor Light,2
Pavel Chekov,2
Commander Riker,2
Quark,2
Michael Burnham,2
McCoy,2
Picard,2
Geordi La Forge,2
Riker,2
Guinan,2
Nyota Uhura,2
Kira Nerys,2
Jadzia Dax,2
Stamets,2
Kirk,2
Bortus,2
Kon-El,2
A.R.G.U.S,2
Tula,2
Black Bat,2
Batman (alternate version),2
Orion,2
Black Alice,2
Red Orchid,2
The Metal Men,2
Hecate,2
Red Thunder,2
Scar,2
Athena,2
Vox Supreme,2
Phyla-Vell,2
Valeria Richards,2
Executioner,2
Skurge,2
Human Johnny Storm,2
Thunderbolt,2
Gladiator,2
Old Man Quill,2
Leader,2
Thor Odinson,2
Mothra,2
Ghidorah,2
Magus,2
Beta Ray Bill,2
Black Vortex,2
Orson Randall,2
The Living Weapon,2
Razor Fist,2
Beachhead,2
Ebony Blade,2
Rick Deckard,2
Mordo,2
Ancient One,2
Doyle Dormammu,2
Karolina Dean,2
Darkhold,2
Asgardia,2
The Penguin,2
Damage,2
Dollhouse,2
Dick Grayson,2
Court of Owls,2
Red Mask,2
The TARDIS,2
Martha Jones,2
Donna Noble,2
Frost Giant,2
Kurse,2
Mangog,2
King Thor,2
Sera,2
MACH-IV,2
Graviton,2
Parker,2
Riri Williams,2
Moonstar,2
Mobius M. Mobius,2
Miss Minutes,2
Sylvie,2
Alien,2
Gabe Jones,2
Xenomorph,2
Mister Negative,2
Kara Zor-El,2
Void Rivals,2
The Magician,2
Fear Itself,2
Klaws of the Panther,1
Swordfang,1
Alpha Flight,1
Warriors,1
Luke Skywalker,1
Princess Leia,1
C-3PO,1
R2-D2,1
Violator,1
Captain Comet,1
Weird,1
Redwing,1
Silk,1
Kid Nova,1
Arisia,1
Arcee,1
Fantasti Four,1
Bloodhunt,1
Replicant,1
Plunder,1
Cicada,1
Black Tarantula,1
Elongated Man,1
The Thinker,1
Gold-Blooded Killer,1
Orm Marius,1
John Jones,1
Reign,1
Worldkiller,1
Black Banshee,1
Living Nanotech,1
Tycho,1
Hellspawn,1
Lana Lang,1
Clark Kent/Superman,1
Etta Candy,1
Girl Giant,1
The Phantom Stranger,1
Arthur Curry,1
Lord Opal,1
Mister Mind,1
Immortal Man,1
Bonnie Baxter,1
Clever Mentallist,1
Deathblow,1
Majesty,1
Daniel Jackson,1
Teal'c,1
The Wall,1
The Jade Emperor,1
Jade Stone,1
Max Lord,1
Green Beetle,1
Eradicator,1
Shadow Cabinet,1
Cyborgborg,1
Speed Force,1
Haley,1
Skitter,1
King of Wakanda,1
Everett K. Ross,1
Malice,1
Lucas,1
The Winter Soldier,1
Klaw,1
Ramonda,1
Wakanda,1
Ulti-Mate,1
The Red Skull,1
Iron Torch,1
Inhuman Royal Family,1
Rose Wilson,1
S.H.I.E.L.D. agents,1
Superman (alternate version),1
Tomar-Tu,1
Isamot Kol,1
Indigo-1,1
"Sojourner ""Jo"" Mullein",1
Ekron,1
Green Lantern Corps members,1
Steve Rogers (Captain America),1
Mad Madame,1
Captain America (alternate costume),1
AIM Agents,1
Batroc,1
Jem,1
Skull,1
Raptor,1
Teen Titans,1
Agent 13,1
Blonde Woman,1
Young Captain America,1
Bloodstone,1
Widget,1
Wonderwoman,1
Shadowcat,1
Merlin,1
Excalibur (the team),1
Jamal Campbell,1
Ra,1
Swordsman,1
Terrific Man,1
Terrific Woman,1
The Terrific Three,1
Future Quest characters,1
Farooq Michael Tar-Em,1
Kimiyo,1
Nia Nal,1
Wash Hicks,1
Zoë Alleyne Washburne,1
Derrial Book,1
Sabra,1
Amelia Voght,1
Monet St. Croix,1
Hemlock,1
Synch,1
Wayward Son,1
Dark Wolverine,1
The Patient,1
Jo Mullein,1
Revenant Queen,1
The Shadow Thief,1
Woman,1
Woman Woman,1
Thanagarian Warrior,1
Lord Beyond the Void,1
Drawman,1
Norman Osborn/Green Goblin,1
Massacre,1
Thunder Fall,1
Dark Knight,1
Black Hawk,1
Mecha Supergirl,1
Queen of Blood,1
Chesire,1
The Red,1
Red Rage,1
Morpheus,1
Savage Hawkman,1
The Ray,1
Clock King,1
Stormwatch,1
Justice Society of America,1
Gail Simone,1
Ice Greens,1
Human Phoenix,1
Philippus,1
The Beast,1
Fireman,1
Nightfly,1
Green Hammer,1
Garrett,1
Princess Koriand'r,1
Superwoman,1
Super-Man,1
Crazy Jane,1
Hera,1
Aman,1
Dinah Drake,1
Revenant Zombies,1
Red Starfire,1
Monkie Kid,1
Demon Bull King,1
Tawny,1
Cyborg Superman,1
Bloodsport,1
Mongul,1
Aragorn,1
Boromir,1
Legolas,1
Gimli,1
Frodo Baggins,1
Samwise Gamgee,1
Gandalf,1
Lor Zod,1
Soulfire,1
Serenity,1
Pherson,1
Mitchell,1
Kremlin,1
Elijah Snow,1
The Drummer,1
Elias Hodge,1
Mitchell Hundred,1
Rick Levander,1
Flaxen,1
Tom Strong,1
Jackmorgan,1
Cutter,1
Joe Casey,1
Dustin Nguyen,1
Richard Friend,1
Solid Snake,1
Revolver Ocelot,1
Wetsuit,1
WildC.A.T.S,1
Grease,1
Maddie Fenton,1
Fei Long,1
Juri,1
Guile,1
Chun-Li,1
Cammy,1
Snowmaker,1
Gen X,1
Samus Aran,1
Ridley,1
Kraid,1
Meta Ridley,1
Latchkey Kid (Gen 13 member),1
Brides of Wolverine,1
Fastball,1
Mammary,1
Sarah Rainmaker,1
Copycat,1
Jetstream,1
Brunch,1
Psych,1
Lion-O,1
Panthro,1
Cheetara,1
WilyKit,1
WilyKat,1
Snarf,1
Mumm-Ra,1
Deming,1
Guster,1
Shannon,1
Battle Cat,1
children (unidentified),1
Abyss,1
Kalel,1
Martha Kent,1
Kal-El,1
Heartless,1
Dennis the Menace,1
Gnasher,1
Rubi,1
Pie Face,1
XS,1
Amidhala,1
Milestone Returns,1
Hardware,1
Gear,1
Overman,1
Mickey Mxyzptlk,1
Rocket Red,1
Cityboy,1
Thorgrim Doomhammer,1
White Gorilla,1
Avengers Prime,1
Kung Fu Master,1
Vibranium-Man,1
Jed Rikki,1
Cassie Lang,1
Young Avengers,1
Arachne,1
Kevin MacTaggert,1
Sam Guthrie,1
Korbak,1
Typhoid Mary,1
Baron Blood,1
The Rocketeer,1
Rocketeer,1
Betty,1
Bonita,1
Rick,1
Pad,1
Eva,1
Gib,1
Major Kira Nerys,1
Commander Benjamin Sisko,1
Gul Dukat,1
Chief Miles O'Brien,1
Kwame,1
Wheeler,1
Gi,1
Hoggish Greedly,1
Grummet,1
Lucius Levity,1
Casper Crumb,1
Maude Landers,1
Section Zero,1
Scorpio,1
Mad Sweat (Mr. Nancy),1
Laura Moon,1
Shadow,1
Mr. World,1
Ainsel,1
Dick Tracy,1
Tess Trueheart,1
Chief Brandon,1
Pat Patton,1
The Brow,1
Norm,1
Commander Krill,1
Telford,1
Janet Fraiser,1
Major Samantha Carter,1
Reborn,1
Bonny Doon,1
Cole Cash,1
Michael Cray,1
Excellency,1
Die #3,1
Saga,1
The Will,1
Ivar Timewalker,1
Micronauts,1
Cybernetics robot/spacecraft,1
Danny Nil,1
Corbin Quinn,1
Rori,1
Mauser,1
Danny,1
Sting,1
Immortal,1
Kelltor,1
King Tiger,1
Hype,1
Anita,1
Tori Tori,1
Mc Coy,1
Rocket Man,1
Astonishing X-Men character - this is Emma Frost,1
Stepford Cuckoos,1
Astonishing Men,1
Beast (blue form),1
Angel (Warren Worthington),1
Hellfire Club Sentinel,1
Xornada,1
Man-At-Arms,1
Beast Man,1
Orko,1
Stratos,1
Icarus,1
Rachel Summers,1
Silver Fox,1
Agent X,1
The Black Order,1
The Wrecking Crew,1
Abe Jenkins (MACH-IV),1
The Demiurge,1
Uncanny X-Men,1
The Uncanny Avengers,1
Dark Hawk,1
Beauileu,1
Avengers Arena,1
Surcharelli,1
Beaujeu,1
Dark Avengers,1
Ultraman Seven,1
The Marvels,1
El Pensador,1
Dryad,1
Cheyenne,1
The Man-Thing,1
The Fearless,1
Ren Tsukumo,1
Kyouko Hori,1
Dark Beast,1
Darkoth,1
Royale,1
King Ghidorah,1
Oshtur,1
Mosaic,1
Makari,1
Supreme,1
Ghost Panther,1
Ava Starlight,1
Fin,1
Fangtooth,1
USA Bloodstone,1
Broccoli Men,1
Ching Lin,1
Tabby Smith,1
Elihas Starker,1
Yo-Yo Rodriguez,1
Lincoln Campbell,1
Skrull King,1
Varnae,1
Vampire Nation characters,1
Ava Starros,1
Winter Guard,1
Super-Soldier,1
Invaders,1
The Skrulls,1
Madame Hydra,1
Scourge,1
Captain America (Bucky Barnes),1
Baroness,1
The Homelander,1
Apex Predator,1
Starlight,1
Dark Mettle,1
The Spectre,1
Naomi McDuffie,1
Namma,1
Mother Shark,1
Barry Allen,1
S.T.R.I.P.E.,1
La Verdadera,1
Red Cloud,1
The Secret Six,1
Gentleman Ghost,1
Gerads,1
Shaner,1
Rogol Zaar,1
Boy Thunder,1
Ro-Bear,1
New Avengers,1
Lady Justice,1
Red Sonja,1
Jotaro Kujo,1
Ulysses Klaw,1
Thunderstrike,1
Firerat,1
Selene,1
Bea,1
Kwannon,1
Glob Herman,1
Bling!,1
Martha Johannsen,1
Sentinel (Master Mold),1
Cassandra Nova,1
Iolande,1
Alan Scott,1
Heron,1
The Terrific Ten,1
Hungry Hippo,1
Dr. Mid-Nite,1
The Element Man,1
Cirque Du Sîn,1
Captain Hollow,1
GCPD Officers,1
Red Robot,1
The Human Bomb,1
Monster Society of Evil,1
Nether Light,1
DC Comics characters,1
Vampire Varnae,1
Caitlin Hex,1
Tig,1
Vanessa Van Helsing,1
Lady White,1
Brother Night,1
Boom Boom,1
Vengeance,1
Gaea,1
Frigga,1
The Enchantress,1
Mortal Terror (character from the series),1
Spider-Girl,1
Kaine,1
Ben Reilly,1
Clementary,1
Lizard,1
The Black Shield,1
Black Mercy,1
Black Beast,1
Fate,1
Black Flash,1
Dr. Fate,1
Gold Fury,1
Monster Boy,1
Marauders (the team),1
Madelyne Pryor,1
X-Men member,1
Curse of the Mutants,1
The First Mutant,1
Rahne Sinclair,1
Dust,1
Hellfire Kid,1
Elixir,1
Wakanda Forever,1
Manifold,1
Brother Voodoo,1
Demon Bear,1
Empath,1
Ayo,1
Tosin,1
Gorilla-Man,1
Prodigy,1
Dark Rider,1
Death (Black Horse),1
Gosh Darn,1
Shadowpact,1
Yeoman,1
Hydra agent,1
Quentin Quire,1
Oya,1
Steve Rogers Captain America,1
Sam Wilson as Captain America,1
Demolition Man,1
Sham,1
Brick,1
Lummox,1
Jeepers Creepers,1
King Krakoa,1
Avery Ho,1
Chester P. Runk,1
Gold,1
Khadgar,1
Foche,1
Gho,1
Mutant,1
Captain Krakoa,1
Goblin (Harry Osborn),1
Aunt May,1
Ghost-Spider,1
Kid Arachnid,1
MJ Watson,1
Kaine Parker,1
Silver Sable,1
The Eater,1
Senor Suerte,1
Big Wheel,1
Cyclone,1
Goldbug,1
Mauler,1
Kangaroo,1
Kraken,1
Spider-Man: India,1
Spider-Hame,1
Vorpal,1
Gunslinger,1
Bloodstrike,1
Vex,1
Combat,1
Force,1
Misery,1
Fourplay,1
Miss Truesdale,1
Kenesha,1
Eren Yeager,1
Mikasa Ackerman,1
Armin Arlert,1
Annie Leonhart,1
Reiner Braun,1
Bertholdt Hoover,1
Malcolm Reynolds,1
Jayne Cobb,1
Hoban 'Wash' Washburne,1
Captain Mal Reynolds,1
Khari,1
Crypt Keeper,1
various horror/monster characters,1
Powerhouse,1
Kyle Higgins,1
Marcelo Cowboy,1
Becca Carey,1
Radiant Yellow,1
Radiant Red,1
Radiant Blue,1
Div (The Dreaming),1
Dream of the Endless,1
Groudon,1
Kyogre,1
Ruby,1
Sapphire,1
Watson,1
Ilhan Omar,1
Rashida Tlaib,1
Ayanna Pressley,1
Babs Tarr,1
Mae,1
Erin,1
and Mac (Paper Girls cast),1
Margay Lee,1
Moné,1
Pepper,1
Gideon Graves,1
Ramona Flowers,1
Paper Girls,1
Monster,1
The Maxx,1
The Second Doctor,1
Jamie McCrimmon,1
Victoria Waterfield,1
Wake,1
Exiles,1
Gideon,1
Alex Power,1
Julie Power,1
Gee Gee Power,1
James Power,1
Feral,1
Trevor Fitzroy,1
Black Lantern Superman,1
Black Lantern Wonder Woman,1
Black Lantern Green Lantern,1
Black Lantern Batman,1
Osiris,1
Rorschach,1
Bedard Clarke,1
Omega Men,1
Rann-Thanagar War,1
The Weird,1
Jungle Girl,1
Rintrah,1
American Eagle,1
Sophie,1
Hellion,1
Tarot,1
Emma Frost (alternate version),1
Dante Alighieri,1
Beatrice Portinari,1
Virgil,1
various damned souls,1
Boom-Boom,1
Elf,1
Sarah Gaunt,1
Ilyana Rasputin,1
Graymalkyn,1
Agatha Harkness,1
Alex Summers,1
Amara Aquilla,1
Echo,1
Legion,1
Destiny,1
Iron Man (Tony Stark),1
Death (Apocalypse's Horseman),1
Uncanny X-Force,1
S.H.I.E.L.D,1
Arkea,1
Unus the Untouchable,1
Black Cortex,1
All-New X-Men,1
Dr. Nemesis,1
Adamantium,1
Forajida,1
Iguana,1
Coloso,1
Hellfire Club demons/demons,1
Hellfire Club demons,1
The Hand ninjas,1
Dead Man Logan,1
Black Dwarf,1
Warlord Krang,1
Killshaw,1
The Marauders,1
Ultimate Wolverine,1
Ultimate Colossus,1
Ultimate Professor X,1
Ava Starnes,1
Weapon H,1
Ultimate X-Men characters,1
Ultimate Thor,1
Ultimate Giant-Man,1
Ultimate Wasp,1
Blonde female character,1
Blonde superhero character in pink outfit,1
Krakoan,1
Empyrea,1
Skeletor,1
Paladin,1
Daredevil (Matt Murdock),1
Singularity,1
Helmut Zemo,1
Rayshaun Lucas,1
Captain Marvel (Carol Danvers),1
Enthulhu,1
Prime,1
Raz Malhotra,1
Jaidev Jariasson,1
The Wasp,1
Ava Stark,1
The Multiverse is Wild,1
Finnegan Sinclair,1
Hobgoblin,1
Thorgirl,1
Rulk,1
Omegex,1
Legion of Monsters,1
Kulan Gath,1
Hellcat,1
Olivia,1
Fin Fang Foom,1
Lady Hellbender,1
Hulk Smash,1
Whip,1
Titan,1
War Horse,1
A-Bomb,1
Thorg,1
Marstro,1
Wildguard,1
Stained Glass Scarlet Spider,1
Stiltman,1
Marlene Alraune,1
Marlene Moonstone,1
Bushman,1
Sinister,1
Ohana the Devil,1
Cloak and Dagger,1
The Defender,1
Hench,1
Hope van Dyne,1
Medina,1
Masacote,1
Gueriel,1
Deadlock,1
Leopold Fitz,1
Agents of S.H.I.E.L.D,1
Iron Nurse,1
Sasquatch,1
Puck,1
Northstar,1
Aurora,1
Shaman,1
Box,1
Vindicator,1
Lashina,1
Thorn,1
Sludge,1
Bugs Bunny,1
King Snake,1
Lady Eve,1
Buzz,1
Crocodile Man,1
Shack Timber,1
Amore,1
Guns,1
Amulet,1
Scarface,1
Stephanie Brown,1
Girl Wonder,1
Bird,1
Connor Hawke,1
Riot Grrls,1
Orca,1
League of Assassins,1
Libra,1
Amazo,1
Dr. Light,1
Dharma,1
Waxworks,1
Max,1
Jade,1
Judo Winick,1
Ciroq Anode,1
John Walsh,1
Indigo,1
Brainiac 8.0,1
Breach,1
Grant Wilson,1
Black King,1
Black Bishop,1
Council of Merlin,1
King Nereus,1
Alanna,1
The Omega Men,1
Jefferson Pierce,1
Jennifer Pierce,1
Anissa Pierce,1
demon,1
Cordelia Chase,1
Demons,1
Black Thunder,1
Grace,1
Black Queen,1
Boomerang,1
Frank Rock,1
Legion of the Damned characters including Lobo,1
John Constantine,1
Legionnaires,1
Validus,1
Emerald Empress,1
Tali,1
Lightning,1
Basil Ghoul,1
Monél,1
Fatal Five,1
Demon (Etrigan),1
Dream Crime storyline featuring Darkseid,1
Umbra,1
Matter-Eater Lad,1
Live Wire,1
Lone Wolf,1
Karate Kid,1
Ultra Boy,1
Quantum Mechanics characters,1
Lightning Lass,1
Colossal Boy,1
Livewire,1
Harvest,1
Gates,1
Mr. Miracle,1
Saddle,1
Overtkill,1
Psymon,1
Black Spider,1
Veil,1
Kid Flashback,1
Mates,1
Young Justice,1
Menos Uno,1
Joker's Daughter,1
Secret Society,1
Red Panzer,1
The Uncanny X-Men,1
Titans,1
Gar Logan,1
Mas y Menos,1
Silkie,1
Counselor Troi,1
Sulu,1
Kira,1
Gowron,1
Klingon Warrior (Defiant crew member),1
Dr. McCoy,1
Krell,1
Qu'Vara,1
Kol,1
Gorn,1
Janeway,1
Tasha Yar,1
Counselor Trask,1
Dr. Beverly Crusher,1
Wesley Crusher,1
Commander William T. Riker,1
Julian Bashir,1
Miles O'Brien,1
Garak,1
Raffi Musiker,1
Burnham,1
Lorca,1
Saru,1
Book,1
Adira,1
Gray Tal,1
Captain Kathryn Janeway,1
Harry Kim,1
Tom Paris,1
Neelix,1
Starfleet Officers,1
Romulans,1
Alexander Rozhenko,1
Curzon Dax,1
Monkey King,1
The Monkey Xing,1
Lieutenant Commander Krill,1
Lieutenant Commander Grayson,1
Lieutenant Malloy,1
Lieutenant Lamarr,1
Jessica Cruz,1
Element Lad,1
Primal Force,1
Convergence,1
Deimos,1
Man of Steel,1
Troia,1
Aphrodite,1
Hermes,1
Sasha Bordeaux,1
Jeannette,1
Secret Six members including Catman,1
Basilisk,1
Death (Grim Reaper),1
Omac,1
Diablo,1
Takeshi Yamamoto,1
Hayato Gokudera,1
Grid,1
Anubis,1
Inza Nelson,1
Future Flash,1
Overload,1
Killmachine,1
Komodo,1
Outsiders War,1
Diggle,1
Tatsu Yamashiro,1
Oliver Queen,1
Indigo Tribe,1
Dex-Starr,1
Bleez,1
Metallo,1
Animal Woman,1
Rotworld creature,1
Green II,1
Red,1
Caveman,1
Cliff Baker,1
Ellen Baker,1
Atlantis (depicted as the New King of Atlantis),1
The Others,1
Dead King,1
Chum,1
Inferno,1
Maximus,1
The Inhumans,1
Celestia,1
Makkari,1
Eternal,1
Marla Drake,1
Kree soldiers,1
Agent Phil Coulson,1
Dark Tempest,1
Feral Five,1
Jamie McKelvie,1
Knull,1
Judgment Day,1
Ren Kawaii,1
Talos,1
Kor the Conqueror,1
Nega-Bands,1
Negative Zone Entity,1
The Invisible Woman,1
The Fantastic Four,1
Amora,1
The Watcher,1
Negative Zone creatures,1
Frightful Four,1
Super-Skrull,1
Invisible Girl,1
Locust,1
Quasar,1
Nova (Sam Alexander),1
A.I.M. Agents,1
Aarim,1
Noia,1
Uatu the Watcher,1
Nova (Richard Rider),1
Axus,1
Noa,1
Grootling,1
Quill,1
Harpy,1
Abomination,1
Raphael,1
Donatello,1
Madcap,1
Foolkiller,1
Slapstick,1
Hitchhiker,1
Earth 2,1
Capucine,1
Famine,1
The Red Tornado,1
Graves,1
Crime Syndicate,1
Anti-Monitor,1
Starwoman,1
Eclipse,1
Stormwatch Engineer,1
Peter Quill,1
Vance Astro,1
Agent Venom,1
Black Venom,1
Peter Quill/Star-Lord,1
Moondragon,1
Black Costya,1
Thane,1
The Black Vortex,1
Aarradorr,1
Green Mist of Death,1
Fat Cobra,1
Steel Serpent,1
Prince of Orphans,1
Beautiful Harlot,1
The Iron Fist,1
The Immortal Weapon,1
Shou-Lao,1
Sister Dagger,1
the Mandarin,1
Katy Chen,1
Zheng Zu,1
Jiang Li,1
Sir Ben Hamode,1
Sister Hammer,1
Ching Hao,1
Tunnel Rat,1
Gung-Ho,1
Heavy Duty,1
Roy Batty,1
Barney Barton,1
Illuminati,1
Panther,1
Phantom Rider,1
Fraction,1
Aja,1
Hollingsworth,1
Hawkeye (Kate Bishop),1
Hawkeye (Clint Barton),1
Pizza Dog,1
Kate Bishop (Hawkeye),1
Clint Barton (Hawkeye),1
Red Widow,1
Lucky the Dog,1
Inhuman Royal Guard,1
Deadlok,1
Invasion by Skrulls,1
Captain America (foreground),1
Baron Mordo,1
Doctor Strange villains,1
Deathstrike,1
Strikeforce,1
Doctor Stephen Strange,1
Zelma Stanton,1
Zoe Zimmer,1
Tyrakian,1
Bloodstorm,1
Mighty Thor,1
Frost Giants,1
Tanarus,1
Arata Miyatsuki,1
Shigure Kondo,1
The Victim Syndicate,1
Mr. Oz,1
Speed Buggy,1
Super Sons,1
Super Boy,1
Jax,1
Clay Morrow,1
Dynomutt,1
Blue Falcon,1
Killer Squid,1
Terrific,1
Red Head,1
Demonic Entity/Demon,1
The Wildstorm (Jenny Sparks,1
Swift),1
Wild Storm,1
Space Ghost,1
Dino Boy,1
Jace,1
Zan,1
Grail,1
Jackals,1
Justice League International,1
Father Lost,1
Shy Pirate,1
Lion-Mane,1
David Zavimbe,1
Puseye,1
Lady Vic,1
Wolf Spider,1
Mad Hatter,1
Deathtrap,1
Black Diamond,1
Batmobile,1
Doctor Phosphorus,1
Madman,1
The Man Who Murdered His Parents,1
Tigris,1
The Marionette,1
Deathwing,1
The Outlaws,1
Essence,1
Red Knight,1
Roy Harper,1
Black Crest,1
Frankenstein,1
Crux,1
Talia al Ghul,1
Sportsmaster,1
Red Reddington,1
"Raymond ""Red"" Reddington",1
Paul Cornell,1
Neil Edwards,1
The Doctor (Eleventh),1
The Doctor (Tenth),1
The Doctor (Ninth),1
The Master,1
The Ninth Doctor,1
Nardole,1
Lone Ranger,1
Star Trek character,1
Green Lantern Corps member,1
The Fifteenth Doctor,1
The Borg,1
Cybermen,1
Doctor Who,1
William La Forge,1
Borg Drone,1
The Borg Queen,1
Khan,1
Admiral Alexander Marcus,1
Lady Loki,1
Lady Sif,1
Immonen,1
Schiti,1
Bellaire,1
Goats of Thunder,1
Ulik,1
Heimdall's dog,1
Kermit the Frog,1
God-Eater,1
Butcher,1
Elephantmen,1
Sym,1
Karnilla,1
Brunnhilde,1
The Worthy,1
Asgard's Assassin,1
Asgard,1
Queen of Hel,1
Batch H,1
Quicksand,1
Waiter,1
Harren,1
Centurious,1
T-Bolts,1
Mach IV,1
Southworth,1
Martin,1
Man-Bull,1
Slingshot,1
Gwenverse characters - Gwen Stacy,1
Snowball,1
Champions,1
Outlawed,1
Champion,1
Ironman,1
Hellfire and Brimstone Part 1 of 5,1
Iron Man (War Machine),1
Ultimate Electro,1
Larroca,1
Darmata,1
Iron Legion,1
Happy Hogan,1
The Godkiller,1
Godkiller,1
Hari Williams,1
Miles Morales Spider-Man,1
Marc Spector: Moon Knight,1
General Thaddeus Ross,1
Boomer,1
Goliath,1
Demona,1
Jiang Nan,1
Razorfist,1
Zombie (Simon Garth),1
Zombie (Drax),1
Zombie (Groot),1
Hunter B-15,1
Ravonna Renslayer,1
El Pensamor,1
Ítodo,1
Mystic,1
Star Brand,1
Izzy Cohen,1
Dino Manelli,1
Dirk Anger,1
Lobot,1
Emperor's Royal Guard,1
AT-AT,1
Egghead,1
Frank Castle (The Punisher),1
Fixer,1
Király Fen,1
Firepower,1
Zombie characters from Marvel Zombies storyline,1
Storm (variant),1
Green Man,1
Wasp (Janet van Dyne),1
Emperor Hulkling,1
Arrowolf,1
Spider-Punk,1
Hannibal King,1
Johnny Blaze,1
Danny Ketch,1
Hellstorm,1
Original Thunderbolts,1
Thunderbolt Ross,1
Masters of Evil,1
Xenomorph Queen,1
Cisma,1
Barb Wire,1
Madame Madbomb,1
Circe,1
Saw Gerrera,1
Yellow Jacket,1
Kara Danvers,1
Jessica Drew,1
Ye Olde Guardians of the Galaxy,1
Witch Hunter Angela,1
Damnation,1
Attilan Rising,1
Alex Wilder,1
Susan Storm,1
Spaceknight,1
Black Lantern Spectre,1
White Lantern,1
Zombie Green Lanterns,1
Deathstorm,1
The Immortus from Mars,1
Black Lantern,1
Woman of Tomorrow,1
Heatwave,1
Jem Kembel,1
Duke Hauser,1
Baroness (Anastasia Cisarovna),1
Flint,1
Covergirl,1
Vorians,1
Void,1
Ironhide,1
Doctor Droom,1
Ebb,1
Houdini,1
Dali,1
Tesla,1
Harry Houdini,1
Felix the Cat,1
Roy Tiger,1
Sorcerer Kings,1
Tempest,1
Atlantean King,1
Aquamarine,1
Doctor Manhattan,1
Monarch,1
Constantinas,1
Ballistic,1
Wildstar,1
The Crimson Dynamo,1
Ultimatron,1
Agent Venom (Flash Thompson),1
Clément Labrador,1
M.A.S.K,1
Kil,1
Destinna,1
Goofy,1
Bitter Root,1
Teen Lantern,1
Shadow Demon,1
Guardian,1
Batgirls,1
Gotham City Sirens,1
Shade,1
The Changing Man,1
Doctor Polaris,1
Azrael,1
Professor Pyg,1
